act_startDate,timestamp,time,act_id,act_name,distance,altitude,velocity_smooth,moving,grade_smooth,lat,long
2018-07-06 07:30:33+00:00,2018-07-06 07:30:33+00:00,0,1684069249,Afternoon Ride,0.0,607.9,0.0,False,0.0,17.445762,78.348958
2018-07-06 07:30:33+00:00,2018-07-06 07:30:34+00:00,1,1684069249,Afternoon Ride,8.1,607.3,0.0,True,0.9,17.44583,78.348987
2018-07-06 07:30:33+00:00,2018-07-06 07:30:35+00:00,2,1684069249,Afternoon Ride,17.6,607.9,0.0,True,0.8,17.445744,78.348989
2018-07-06 07:30:33+00:00,2018-07-06 07:30:38+00:00,5,1684069249,Afternoon Ride,21.9,608.1,4.4,True,4.5,17.445712,78.34901
2018-07-06 07:30:33+00:00,2018-07-06 07:30:55+00:00,22,1684069249,Afternoon Ride,25.6,608.1,0.4,False,2.1,17.445691,78.348983
2018-07-06 07:30:33+00:00,2018-07-06 07:30:57+00:00,24,1684069249,Afternoon Ride,30.4,608.3,0.4,True,0.5,17.44566,78.349014
2018-07-06 07:30:33+00:00,2018-07-06 07:30:58+00:00,25,1684069249,Afternoon Ride,36.3,608.3,0.7,True,0.5,17.445622,78.349053
2018-07-06 07:30:33+00:00,2018-07-06 07:30:59+00:00,26,1684069249,Afternoon Ride,41.0,608.2,0.9,True,-1.0,17.445599,78.349091
2018-07-06 07:30:33+00:00,2018-07-06 07:31:00+00:00,27,1684069249,Afternoon Ride,44.1,608.2,0.9,True,-1.0,17.445588,78.349118
2018-07-06 07:30:33+00:00,2018-07-06 07:31:02+00:00,29,1684069249,Afternoon Ride,50.8,608.1,4.1,True,-0.5,17.445556,78.349171
2018-07-06 07:30:33+00:00,2018-07-06 07:31:03+00:00,30,1684069249,Afternoon Ride,55.4,608.1,3.8,True,-1.3,17.445529,78.349205
2018-07-06 07:30:33+00:00,2018-07-06 07:31:04+00:00,31,1684069249,Afternoon Ride,61.6,608.1,4.1,True,-1.7,17.4455,78.349254
2018-07-06 07:30:33+00:00,2018-07-06 07:31:05+00:00,32,1684069249,Afternoon Ride,67.4,607.9,4.7,True,-2.4,17.445472,78.349301
2018-07-06 07:30:33+00:00,2018-07-06 07:31:06+00:00,33,1684069249,Afternoon Ride,74.0,607.7,5.0,True,-4.6,17.445431,78.349345
2018-07-06 07:30:33+00:00,2018-07-06 07:31:07+00:00,34,1684069249,Afternoon Ride,79.9,607.5,5.8,True,-4.3,17.445412,78.349397
2018-07-06 07:30:33+00:00,2018-07-06 07:31:08+00:00,35,1684069249,Afternoon Ride,85.3,607.0,6.0,True,-3.7,17.445453,78.349423
2018-07-06 07:30:33+00:00,2018-07-06 07:31:09+00:00,36,1684069249,Afternoon Ride,88.5,607.0,5.4,True,-2.8,17.445466,78.349451
2018-07-06 07:30:33+00:00,2018-07-06 07:31:10+00:00,37,1684069249,Afternoon Ride,92.7,607.0,5.1,True,1.7,17.445473,78.34949
2018-07-06 07:30:33+00:00,2018-07-06 07:31:11+00:00,38,1684069249,Afternoon Ride,97.5,607.0,4.7,True,2.6,17.445479,78.349534
2018-07-06 07:30:33+00:00,2018-07-06 07:31:12+00:00,39,1684069249,Afternoon Ride,103.0,607.3,4.6,True,2.9,17.445449,78.349576
2018-07-06 07:30:33+00:00,2018-07-06 07:31:13+00:00,40,1684069249,Afternoon Ride,115.8,607.7,6.1,True,3.3,17.445352,78.34964
2018-07-06 07:30:33+00:00,2018-07-06 07:31:14+00:00,41,1684069249,Afternoon Ride,126.6,608.0,7.6,True,2.0,17.445276,78.349703
2018-07-06 07:30:33+00:00,2018-07-06 07:31:15+00:00,42,1684069249,Afternoon Ride,134.3,608.2,8.3,True,1.2,17.445218,78.349742
2018-07-06 07:30:33+00:00,2018-07-06 07:31:16+00:00,43,1684069249,Afternoon Ride,142.4,608.1,9.0,True,0.7,17.445162,78.349792
2018-07-06 07:30:33+00:00,2018-07-06 07:31:18+00:00,45,1684069249,Afternoon Ride,148.8,608.1,6.6,True,0.7,17.44512,78.349833
2018-07-06 07:30:33+00:00,2018-07-06 07:31:19+00:00,46,1684069249,Afternoon Ride,155.5,608.2,5.8,True,2.5,17.445077,78.349877
2018-07-06 07:30:33+00:00,2018-07-06 07:31:20+00:00,47,1684069249,Afternoon Ride,161.1,608.4,5.4,True,0.5,17.445042,78.349916
2018-07-06 07:30:33+00:00,2018-07-06 07:31:22+00:00,49,1684069249,Afternoon Ride,166.5,608.7,4.0,True,-3.7,17.445005,78.349949
2018-07-06 07:30:33+00:00,2018-07-06 07:31:25+00:00,52,1684069249,Afternoon Ride,170.3,608.2,1.8,True,-10.3,17.444979,78.349972
2018-07-06 07:30:33+00:00,2018-07-06 07:31:28+00:00,55,1684069249,Afternoon Ride,174.6,607.5,1.3,True,-15.5,17.444949,78.349997
2018-07-06 07:30:33+00:00,2018-07-06 07:31:30+00:00,57,1684069249,Afternoon Ride,179.5,606.5,1.8,True,-15.2,17.444935,78.35004
2018-07-06 07:30:33+00:00,2018-07-06 07:31:31+00:00,58,1684069249,Afternoon Ride,182.6,606.2,2.0,True,-14.0,17.44492,78.350066
2018-07-06 07:30:33+00:00,2018-07-06 07:31:32+00:00,59,1684069249,Afternoon Ride,186.8,605.7,2.4,True,-10.9,17.444894,78.350094
2018-07-06 07:30:33+00:00,2018-07-06 07:31:33+00:00,60,1684069249,Afternoon Ride,190.3,605.3,3.1,True,-11.4,17.444872,78.350118
2018-07-06 07:30:33+00:00,2018-07-06 07:31:34+00:00,61,1684069249,Afternoon Ride,195.1,604.8,3.4,True,-10.9,17.444858,78.35016
2018-07-06 07:30:33+00:00,2018-07-06 07:31:35+00:00,62,1684069249,Afternoon Ride,202.7,603.9,4.6,True,-9.7,17.444858,78.350232
2018-07-06 07:30:33+00:00,2018-07-06 07:31:36+00:00,63,1684069249,Afternoon Ride,209.7,603.2,5.4,True,-6.0,17.44488,78.350294
2018-07-06 07:30:33+00:00,2018-07-06 07:31:37+00:00,64,1684069249,Afternoon Ride,220.1,602.4,6.7,True,2.2,17.444941,78.350368
2018-07-06 07:30:33+00:00,2018-07-06 07:31:38+00:00,65,1684069249,Afternoon Ride,224.9,603.0,6.9,True,9.5,17.444975,78.350396
2018-07-06 07:30:33+00:00,2018-07-06 07:31:39+00:00,66,1684069249,Afternoon Ride,230.5,604.5,7.1,True,18.1,17.445008,78.350437
2018-07-06 07:30:33+00:00,2018-07-06 07:31:40+00:00,67,1684069249,Afternoon Ride,235.0,605.6,6.5,True,15.6,17.44503,78.350472
2018-07-06 07:30:33+00:00,2018-07-06 07:31:41+00:00,68,1684069249,Afternoon Ride,240.0,606.0,6.1,True,9.1,17.445057,78.35051
2018-07-06 07:30:33+00:00,2018-07-06 07:31:42+00:00,69,1684069249,Afternoon Ride,246.0,606.3,5.2,True,5.5,17.445074,78.350564
2018-07-06 07:30:33+00:00,2018-07-06 07:31:43+00:00,70,1684069249,Afternoon Ride,253.6,606.6,5.7,True,4.0,17.445126,78.35061
2018-07-06 07:30:33+00:00,2018-07-06 07:31:44+00:00,71,1684069249,Afternoon Ride,258.5,606.9,5.6,True,3.0,17.445147,78.350651
2018-07-06 07:30:33+00:00,2018-07-06 07:31:45+00:00,72,1684069249,Afternoon Ride,264.8,607.0,6.0,True,1.7,17.445192,78.350687
2018-07-06 07:30:33+00:00,2018-07-06 07:31:46+00:00,73,1684069249,Afternoon Ride,269.7,607.0,5.9,True,0.4,17.445233,78.350704
2018-07-06 07:30:33+00:00,2018-07-06 07:31:47+00:00,74,1684069249,Afternoon Ride,277.6,607.0,6.3,True,-0.4,17.445279,78.350761
2018-07-06 07:30:33+00:00,2018-07-06 07:31:48+00:00,75,1684069249,Afternoon Ride,283.5,607.0,6.0,True,-3.0,17.445317,78.3508
2018-07-06 07:30:33+00:00,2018-07-06 07:31:49+00:00,76,1684069249,Afternoon Ride,288.9,606.9,6.1,True,-4.8,17.445352,78.350835
2018-07-06 07:30:33+00:00,2018-07-06 07:31:50+00:00,77,1684069249,Afternoon Ride,296.2,606.2,6.3,True,-6.3,17.445399,78.350882
2018-07-06 07:30:33+00:00,2018-07-06 07:31:51+00:00,78,1684069249,Afternoon Ride,302.6,605.8,6.6,True,-7.1,17.445437,78.350928
2018-07-06 07:30:33+00:00,2018-07-06 07:31:52+00:00,79,1684069249,Afternoon Ride,308.8,605.4,6.2,True,-4.6,17.445486,78.350956
2018-07-06 07:30:33+00:00,2018-07-06 07:31:53+00:00,80,1684069249,Afternoon Ride,315.5,605.0,6.4,True,-2.9,17.445545,78.350968
2018-07-06 07:30:33+00:00,2018-07-06 07:31:54+00:00,81,1684069249,Afternoon Ride,322.3,605.0,6.7,True,-1.4,17.445603,78.350988
2018-07-06 07:30:33+00:00,2018-07-06 07:31:55+00:00,82,1684069249,Afternoon Ride,330.1,605.0,6.8,True,0.0,17.445666,78.351021
2018-07-06 07:30:33+00:00,2018-07-06 07:31:56+00:00,83,1684069249,Afternoon Ride,336.6,605.0,6.8,True,0.7,17.445712,78.351058
2018-07-06 07:30:33+00:00,2018-07-06 07:31:57+00:00,84,1684069249,Afternoon Ride,345.1,605.0,7.3,True,1.8,17.445766,78.351115
2018-07-06 07:30:33+00:00,2018-07-06 07:31:58+00:00,85,1684069249,Afternoon Ride,352.0,605.2,7.3,True,2.8,17.44581,78.35116
2018-07-06 07:30:33+00:00,2018-07-06 07:31:59+00:00,86,1684069249,Afternoon Ride,358.2,605.5,7.2,True,3.5,17.445848,78.351204
2018-07-06 07:30:33+00:00,2018-07-06 07:32:00+00:00,87,1684069249,Afternoon Ride,364.9,605.8,7.0,True,2.0,17.445887,78.351251
2018-07-06 07:30:33+00:00,2018-07-06 07:32:01+00:00,88,1684069249,Afternoon Ride,371.1,605.9,6.9,True,0.4,17.445928,78.351291
2018-07-06 07:30:33+00:00,2018-07-06 07:32:02+00:00,89,1684069249,Afternoon Ride,376.8,605.7,6.3,True,-1.4,17.445963,78.351331
2018-07-06 07:30:33+00:00,2018-07-06 07:32:03+00:00,90,1684069249,Afternoon Ride,381.3,605.6,5.9,True,-3.0,17.445991,78.351362
2018-07-06 07:30:33+00:00,2018-07-06 07:32:04+00:00,91,1684069249,Afternoon Ride,386.4,605.5,5.6,True,-3.6,17.446023,78.351396
2018-07-06 07:30:33+00:00,2018-07-06 07:32:05+00:00,92,1684069249,Afternoon Ride,391.2,605.3,5.3,True,-3.0,17.446029,78.351441
2018-07-06 07:30:33+00:00,2018-07-06 07:32:06+00:00,93,1684069249,Afternoon Ride,396.2,605.0,5.0,True,-2.4,17.446029,78.351487
2018-07-06 07:30:33+00:00,2018-07-06 07:32:07+00:00,94,1684069249,Afternoon Ride,401.3,605.0,4.9,True,-1.4,17.446002,78.351526
2018-07-06 07:30:33+00:00,2018-07-06 07:32:08+00:00,95,1684069249,Afternoon Ride,407.0,605.0,5.1,True,1.0,17.445969,78.351566
2018-07-06 07:30:33+00:00,2018-07-06 07:32:09+00:00,96,1684069249,Afternoon Ride,411.9,605.0,5.1,True,3.0,17.44594,78.351602
2018-07-06 07:30:33+00:00,2018-07-06 07:32:10+00:00,97,1684069249,Afternoon Ride,416.0,605.2,5.0,True,3.6,17.445923,78.351636
2018-07-06 07:30:33+00:00,2018-07-06 07:32:11+00:00,98,1684069249,Afternoon Ride,421.5,605.6,5.1,True,4.9,17.445887,78.351671
2018-07-06 07:30:33+00:00,2018-07-06 07:32:12+00:00,99,1684069249,Afternoon Ride,426.2,605.7,5.0,True,5.1,17.445861,78.351707
2018-07-06 07:30:33+00:00,2018-07-06 07:32:13+00:00,100,1684069249,Afternoon Ride,430.3,605.9,4.7,True,5.0,17.445838,78.351737
2018-07-06 07:30:33+00:00,2018-07-06 07:32:14+00:00,101,1684069249,Afternoon Ride,435.5,606.2,4.7,True,5.8,17.445798,78.351762
2018-07-06 07:30:33+00:00,2018-07-06 07:32:15+00:00,102,1684069249,Afternoon Ride,439.5,606.5,4.7,True,5.3,17.445767,78.351783
2018-07-06 07:30:33+00:00,2018-07-06 07:32:16+00:00,103,1684069249,Afternoon Ride,445.1,606.8,4.7,True,4.4,17.445737,78.351825
2018-07-06 07:30:33+00:00,2018-07-06 07:32:17+00:00,104,1684069249,Afternoon Ride,452.8,607.1,5.3,True,3.0,17.44569,78.351877
2018-07-06 07:30:33+00:00,2018-07-06 07:32:18+00:00,105,1684069249,Afternoon Ride,460.5,607.3,6.0,True,1.1,17.445643,78.351931
2018-07-06 07:30:33+00:00,2018-07-06 07:32:19+00:00,106,1684069249,Afternoon Ride,466.0,607.3,6.1,True,-0.9,17.445602,78.35196
2018-07-06 07:30:33+00:00,2018-07-06 07:32:20+00:00,107,1684069249,Afternoon Ride,471.3,607.1,6.4,True,-4.1,17.445575,78.352001
2018-07-06 07:30:33+00:00,2018-07-06 07:32:21+00:00,108,1684069249,Afternoon Ride,475.8,606.9,6.1,True,-6.1,17.445549,78.352034
2018-07-06 07:30:33+00:00,2018-07-06 07:32:22+00:00,109,1684069249,Afternoon Ride,479.9,606.5,5.4,True,-9.8,17.445529,78.352066
2018-07-06 07:30:33+00:00,2018-07-06 07:32:23+00:00,110,1684069249,Afternoon Ride,483.9,606.2,4.7,True,-9.7,17.445505,78.352095
2018-07-06 07:30:33+00:00,2018-07-06 07:32:24+00:00,111,1684069249,Afternoon Ride,489.7,605.3,4.7,True,-7.9,17.445465,78.352129
2018-07-06 07:30:33+00:00,2018-07-06 07:32:25+00:00,112,1684069249,Afternoon Ride,495.4,605.0,4.8,True,-6.5,17.445431,78.352169
2018-07-06 07:30:33+00:00,2018-07-06 07:32:26+00:00,113,1684069249,Afternoon Ride,500.1,604.9,4.9,True,-2.7,17.445403,78.352202
2018-07-06 07:30:33+00:00,2018-07-06 07:32:27+00:00,114,1684069249,Afternoon Ride,503.9,604.9,4.8,True,-1.2,17.445381,78.35223
2018-07-06 07:30:33+00:00,2018-07-06 07:32:28+00:00,115,1684069249,Afternoon Ride,508.1,604.8,4.8,True,-1.2,17.445357,78.352261
2018-07-06 07:30:33+00:00,2018-07-06 07:32:29+00:00,116,1684069249,Afternoon Ride,512.4,604.8,4.5,True,-1.1,17.44533,78.352289
2018-07-06 07:30:33+00:00,2018-07-06 07:32:30+00:00,117,1684069249,Afternoon Ride,517.0,604.7,4.3,True,-1.1,17.445304,78.352323
2018-07-06 07:30:33+00:00,2018-07-06 07:32:31+00:00,118,1684069249,Afternoon Ride,522.3,604.7,4.4,True,-1.1,17.44527,78.352358
2018-07-06 07:30:33+00:00,2018-07-06 07:32:32+00:00,119,1684069249,Afternoon Ride,526.5,604.6,4.5,True,-1.1,17.44524,78.352382
2018-07-06 07:30:33+00:00,2018-07-06 07:32:33+00:00,120,1684069249,Afternoon Ride,530.9,604.6,4.6,True,-1.1,17.44521,78.35241
2018-07-06 07:30:33+00:00,2018-07-06 07:32:34+00:00,121,1684069249,Afternoon Ride,535.0,604.5,4.5,True,-1.1,17.445184,78.352437
2018-07-06 07:30:33+00:00,2018-07-06 07:32:35+00:00,122,1684069249,Afternoon Ride,539.9,604.5,4.6,True,-1.1,17.445154,78.35247
2018-07-06 07:30:33+00:00,2018-07-06 07:32:36+00:00,123,1684069249,Afternoon Ride,544.8,604.4,4.5,True,-1.0,17.445123,78.352503
2018-07-06 07:30:33+00:00,2018-07-06 07:32:37+00:00,124,1684069249,Afternoon Ride,549.5,604.4,4.6,True,-1.6,17.445096,78.352537
2018-07-06 07:30:33+00:00,2018-07-06 07:32:38+00:00,125,1684069249,Afternoon Ride,554.1,604.3,4.6,True,-1.6,17.445071,78.352572
2018-07-06 07:30:33+00:00,2018-07-06 07:32:39+00:00,126,1684069249,Afternoon Ride,558.6,604.2,4.7,True,-1.9,17.445049,78.352607
2018-07-06 07:30:33+00:00,2018-07-06 07:32:40+00:00,127,1684069249,Afternoon Ride,563.0,604.1,4.6,True,-5.8,17.445034,78.352646
2018-07-06 07:30:33+00:00,2018-07-06 07:32:41+00:00,128,1684069249,Afternoon Ride,570.7,604.0,5.2,True,-5.3,17.444965,78.352647
2018-07-06 07:30:33+00:00,2018-07-06 07:32:42+00:00,129,1684069249,Afternoon Ride,578.2,602.9,5.7,True,-4.4,17.444898,78.352633
2018-07-06 07:30:33+00:00,2018-07-06 07:32:43+00:00,130,1684069249,Afternoon Ride,585.1,602.8,6.2,True,-3.9,17.444848,78.352595
2018-07-06 07:30:33+00:00,2018-07-06 07:32:44+00:00,131,1684069249,Afternoon Ride,592.4,602.8,6.8,True,0.0,17.444807,78.352542
2018-07-06 07:30:33+00:00,2018-07-06 07:32:45+00:00,132,1684069249,Afternoon Ride,598.6,602.9,7.1,True,0.7,17.444772,78.352496
2018-07-06 07:30:33+00:00,2018-07-06 07:32:46+00:00,133,1684069249,Afternoon Ride,605.5,602.9,7.0,True,1.2,17.44474,78.352441
2018-07-06 07:30:33+00:00,2018-07-06 07:32:47+00:00,134,1684069249,Afternoon Ride,612.1,603.0,6.8,True,1.2,17.444701,78.352394
2018-07-06 07:30:33+00:00,2018-07-06 07:32:48+00:00,135,1684069249,Afternoon Ride,618.1,603.1,6.6,True,1.2,17.444662,78.352355
2018-07-06 07:30:33+00:00,2018-07-06 07:32:49+00:00,136,1684069249,Afternoon Ride,624.4,603.2,6.4,True,1.2,17.444627,78.352308
2018-07-06 07:30:33+00:00,2018-07-06 07:32:50+00:00,137,1684069249,Afternoon Ride,630.8,603.2,6.4,True,1.2,17.444596,78.352257
2018-07-06 07:30:33+00:00,2018-07-06 07:32:51+00:00,138,1684069249,Afternoon Ride,637.0,603.3,6.3,True,0.8,17.444564,78.352209
2018-07-06 07:30:33+00:00,2018-07-06 07:32:52+00:00,139,1684069249,Afternoon Ride,643.6,603.4,6.3,True,1.2,17.44453,78.352159
2018-07-06 07:30:33+00:00,2018-07-06 07:32:53+00:00,140,1684069249,Afternoon Ride,650.4,603.4,6.5,True,1.2,17.444509,78.352098
2018-07-06 07:30:33+00:00,2018-07-06 07:32:54+00:00,141,1684069249,Afternoon Ride,656.5,603.5,6.4,True,1.2,17.444481,78.352049
2018-07-06 07:30:33+00:00,2018-07-06 07:32:55+00:00,142,1684069249,Afternoon Ride,662.7,603.6,6.4,True,1.7,17.444456,78.351997
2018-07-06 07:30:33+00:00,2018-07-06 07:32:56+00:00,143,1684069249,Afternoon Ride,669.0,603.7,6.4,True,1.2,17.444427,78.351945
2018-07-06 07:30:33+00:00,2018-07-06 07:32:57+00:00,144,1684069249,Afternoon Ride,674.5,603.8,6.2,True,1.2,17.4444,78.351902
2018-07-06 07:30:33+00:00,2018-07-06 07:32:58+00:00,145,1684069249,Afternoon Ride,680.5,603.8,6.0,True,1.1,17.444369,78.351855
2018-07-06 07:30:33+00:00,2018-07-06 07:32:59+00:00,146,1684069249,Afternoon Ride,688.1,603.9,6.3,True,1.4,17.444329,78.351797
2018-07-06 07:30:33+00:00,2018-07-06 07:33:00+00:00,147,1684069249,Afternoon Ride,695.3,604.0,6.5,True,2.1,17.444298,78.351738
2018-07-06 07:30:33+00:00,2018-07-06 07:33:01+00:00,148,1684069249,Afternoon Ride,702.1,604.2,6.6,True,2.4,17.444267,78.351682
2018-07-06 07:30:33+00:00,2018-07-06 07:33:02+00:00,149,1684069249,Afternoon Ride,708.8,604.4,6.9,True,2.6,17.444232,78.351631
2018-07-06 07:30:33+00:00,2018-07-06 07:33:03+00:00,150,1684069249,Afternoon Ride,717.5,604.6,7.4,True,2.5,17.444193,78.35156
2018-07-06 07:30:33+00:00,2018-07-06 07:33:04+00:00,151,1684069249,Afternoon Ride,726.1,604.8,7.6,True,2.1,17.444151,78.351492
2018-07-06 07:30:33+00:00,2018-07-06 07:33:05+00:00,152,1684069249,Afternoon Ride,734.4,605.0,7.8,True,2.4,17.444107,78.35143
2018-07-06 07:30:33+00:00,2018-07-06 07:33:06+00:00,153,1684069249,Afternoon Ride,742.2,605.1,8.0,True,2.6,17.444061,78.351373
2018-07-06 07:30:33+00:00,2018-07-06 07:33:07+00:00,154,1684069249,Afternoon Ride,751.1,605.4,8.5,True,2.9,17.444007,78.351311
2018-07-06 07:30:33+00:00,2018-07-06 07:33:08+00:00,155,1684069249,Afternoon Ride,760.1,605.7,8.5,True,3.4,17.443964,78.351239
2018-07-06 07:30:33+00:00,2018-07-06 07:33:09+00:00,156,1684069249,Afternoon Ride,769.4,606.0,8.7,True,3.2,17.443895,78.35119
2018-07-06 07:30:33+00:00,2018-07-06 07:33:10+00:00,157,1684069249,Afternoon Ride,778.0,606.3,8.7,True,3.3,17.443832,78.351143
2018-07-06 07:30:33+00:00,2018-07-06 07:33:11+00:00,158,1684069249,Afternoon Ride,785.8,606.5,8.7,True,3.2,17.44377,78.351109
2018-07-06 07:30:33+00:00,2018-07-06 07:33:12+00:00,159,1684069249,Afternoon Ride,793.8,606.8,8.5,True,2.9,17.443707,78.351072
2018-07-06 07:30:33+00:00,2018-07-06 07:33:13+00:00,160,1684069249,Afternoon Ride,801.1,607.0,8.2,True,3.3,17.443647,78.351045
2018-07-06 07:30:33+00:00,2018-07-06 07:33:14+00:00,161,1684069249,Afternoon Ride,808.7,607.2,7.9,True,3.0,17.443585,78.351013
2018-07-06 07:30:33+00:00,2018-07-06 07:33:15+00:00,162,1684069249,Afternoon Ride,815.8,607.5,7.6,True,3.1,17.443533,78.350976
2018-07-06 07:30:33+00:00,2018-07-06 07:33:16+00:00,163,1684069249,Afternoon Ride,823.5,607.7,7.5,True,3.2,17.443474,78.350937
2018-07-06 07:30:33+00:00,2018-07-06 07:33:17+00:00,164,1684069249,Afternoon Ride,830.3,607.9,7.3,True,3.2,17.443423,78.350902
2018-07-06 07:30:33+00:00,2018-07-06 07:33:18+00:00,165,1684069249,Afternoon Ride,836.8,608.1,7.1,True,3.3,17.443374,78.350869
2018-07-06 07:30:33+00:00,2018-07-06 07:33:19+00:00,166,1684069249,Afternoon Ride,843.7,608.4,7.0,True,3.3,17.443321,78.350835
2018-07-06 07:30:33+00:00,2018-07-06 07:33:20+00:00,167,1684069249,Afternoon Ride,850.5,608.6,6.9,True,3.3,17.443272,78.350796
2018-07-06 07:30:33+00:00,2018-07-06 07:33:21+00:00,168,1684069249,Afternoon Ride,857.6,608.8,6.8,True,3.1,17.443221,78.350757
2018-07-06 07:30:33+00:00,2018-07-06 07:33:22+00:00,169,1684069249,Afternoon Ride,863.8,609.0,6.7,True,2.9,17.443181,78.350715
2018-07-06 07:30:33+00:00,2018-07-06 07:33:23+00:00,170,1684069249,Afternoon Ride,869.8,609.2,6.6,True,3.2,17.443136,78.350685
2018-07-06 07:30:33+00:00,2018-07-06 07:33:24+00:00,171,1684069249,Afternoon Ride,874.5,609.3,6.2,True,3.2,17.443097,78.350667
2018-07-06 07:30:33+00:00,2018-07-06 07:33:25+00:00,172,1684069249,Afternoon Ride,879.8,609.5,5.9,True,3.0,17.443052,78.350649
2018-07-06 07:30:33+00:00,2018-07-06 07:33:26+00:00,173,1684069249,Afternoon Ride,885.7,609.7,5.6,True,3.3,17.44301,78.350615
2018-07-06 07:30:33+00:00,2018-07-06 07:33:27+00:00,174,1684069249,Afternoon Ride,889.9,609.8,5.2,True,3.4,17.442978,78.350594
2018-07-06 07:30:33+00:00,2018-07-06 07:33:28+00:00,175,1684069249,Afternoon Ride,895.8,610.0,5.2,True,3.0,17.442938,78.350558
2018-07-06 07:30:33+00:00,2018-07-06 07:33:29+00:00,176,1684069249,Afternoon Ride,900.4,610.2,5.2,True,3.5,17.442902,78.350537
2018-07-06 07:30:33+00:00,2018-07-06 07:33:30+00:00,177,1684069249,Afternoon Ride,906.0,610.3,5.2,True,3.2,17.442856,78.350514
2018-07-06 07:30:33+00:00,2018-07-06 07:33:31+00:00,178,1684069249,Afternoon Ride,909.8,610.5,4.8,True,2.7,17.442829,78.350493
2018-07-06 07:30:33+00:00,2018-07-06 07:33:32+00:00,179,1684069249,Afternoon Ride,914.3,610.6,4.9,True,3.3,17.442793,78.350473
2018-07-06 07:30:33+00:00,2018-07-06 07:33:33+00:00,180,1684069249,Afternoon Ride,918.6,610.7,4.6,True,3.1,17.442767,78.350443
2018-07-06 07:30:33+00:00,2018-07-06 07:33:35+00:00,182,1684069249,Afternoon Ride,924.2,610.9,3.6,True,3.0,17.442718,78.350429
2018-07-06 07:30:33+00:00,2018-07-06 07:33:37+00:00,184,1684069249,Afternoon Ride,929.4,611.1,3.0,True,3.4,17.442678,78.350405
2018-07-06 07:30:33+00:00,2018-07-06 07:33:39+00:00,186,1684069249,Afternoon Ride,934.5,611.2,2.6,True,3.1,17.442637,78.350384
2018-07-06 07:30:33+00:00,2018-07-06 07:33:41+00:00,188,1684069249,Afternoon Ride,938.9,611.4,2.4,True,2.7,17.442603,78.350362
2018-07-06 07:30:33+00:00,2018-07-06 07:33:43+00:00,190,1684069249,Afternoon Ride,943.6,611.5,2.4,True,3.3,17.442567,78.350339
2018-07-06 07:30:33+00:00,2018-07-06 07:33:45+00:00,192,1684069249,Afternoon Ride,948.0,611.6,2.3,True,2.6,17.44253,78.350325
2018-07-06 07:30:33+00:00,2018-07-06 07:33:47+00:00,194,1684069249,Afternoon Ride,952.8,611.8,2.3,True,2.6,17.442488,78.350313
2018-07-06 07:30:33+00:00,2018-07-06 07:33:49+00:00,196,1684069249,Afternoon Ride,957.9,611.9,2.4,True,3.2,17.442447,78.350292
2018-07-06 07:30:33+00:00,2018-07-06 07:33:51+00:00,198,1684069249,Afternoon Ride,962.7,612.0,2.5,True,2.4,17.442407,78.350274
2018-07-06 07:30:33+00:00,2018-07-06 07:33:53+00:00,200,1684069249,Afternoon Ride,966.6,612.2,2.3,True,3.2,17.442375,78.350259
2018-07-06 07:30:33+00:00,2018-07-06 07:33:55+00:00,202,1684069249,Afternoon Ride,969.8,612.2,2.0,True,3.4,17.442356,78.350236
2018-07-06 07:30:33+00:00,2018-07-06 07:33:57+00:00,204,1684069249,Afternoon Ride,973.6,612.4,1.8,True,2.6,17.442331,78.350212
2018-07-06 07:30:33+00:00,2018-07-06 07:33:59+00:00,206,1684069249,Afternoon Ride,977.3,612.5,1.8,True,2.9,17.442306,78.350189
2018-07-06 07:30:33+00:00,2018-07-06 07:34:01+00:00,208,1684069249,Afternoon Ride,982.0,612.6,2.0,True,2.7,17.442272,78.350162
2018-07-06 07:30:33+00:00,2018-07-06 07:34:03+00:00,210,1684069249,Afternoon Ride,987.0,612.7,2.2,True,2.4,17.442231,78.350143
2018-07-06 07:30:33+00:00,2018-07-06 07:34:05+00:00,212,1684069249,Afternoon Ride,992.3,612.9,2.5,True,2.6,17.442186,78.350126
2018-07-06 07:30:33+00:00,2018-07-06 07:34:07+00:00,214,1684069249,Afternoon Ride,998.0,613.0,2.7,True,2.9,17.442139,78.350106
2018-07-06 07:30:33+00:00,2018-07-06 07:34:08+00:00,215,1684069249,Afternoon Ride,1001.2,613.1,2.8,True,2.6,17.442113,78.350092
2018-07-06 07:30:33+00:00,2018-07-06 07:34:09+00:00,216,1684069249,Afternoon Ride,1004.3,613.2,2.9,True,3.2,17.442089,78.350077
2018-07-06 07:30:33+00:00,2018-07-06 07:34:10+00:00,217,1684069249,Afternoon Ride,1007.4,613.3,3.0,True,3.2,17.442066,78.350061
2018-07-06 07:30:33+00:00,2018-07-06 07:34:12+00:00,219,1684069249,Afternoon Ride,1013.4,613.5,3.1,True,2.6,17.44202,78.350031
2018-07-06 07:30:33+00:00,2018-07-06 07:34:13+00:00,220,1684069249,Afternoon Ride,1016.6,613.6,3.1,True,2.5,17.441995,78.350017
2018-07-06 07:30:33+00:00,2018-07-06 07:34:14+00:00,221,1684069249,Afternoon Ride,1019.8,613.6,3.1,True,2.3,17.441969,78.350003
2018-07-06 07:30:33+00:00,2018-07-06 07:34:15+00:00,222,1684069249,Afternoon Ride,1023.3,613.7,3.2,True,2.2,17.441943,78.349986
2018-07-06 07:30:33+00:00,2018-07-06 07:34:16+00:00,223,1684069249,Afternoon Ride,1026.7,613.8,3.2,True,2.9,17.441916,78.349969
2018-07-06 07:30:33+00:00,2018-07-06 07:34:17+00:00,224,1684069249,Afternoon Ride,1030.1,613.9,3.3,True,3.0,17.44189,78.349954
2018-07-06 07:30:33+00:00,2018-07-06 07:34:18+00:00,225,1684069249,Afternoon Ride,1033.4,614.0,3.4,True,3.0,17.441864,78.349938
2018-07-06 07:30:33+00:00,2018-07-06 07:34:19+00:00,226,1684069249,Afternoon Ride,1036.7,614.1,3.4,True,3.1,17.44184,78.34992
2018-07-06 07:30:33+00:00,2018-07-06 07:34:20+00:00,227,1684069249,Afternoon Ride,1040.0,614.2,3.3,True,2.6,17.441816,78.349902
2018-07-06 07:30:33+00:00,2018-07-06 07:34:21+00:00,228,1684069249,Afternoon Ride,1043.0,614.3,3.3,True,2.4,17.441794,78.349886
2018-07-06 07:30:33+00:00,2018-07-06 07:34:23+00:00,230,1684069249,Afternoon Ride,1048.7,614.4,3.1,True,2.7,17.441751,78.349855
2018-07-06 07:30:33+00:00,2018-07-06 07:34:25+00:00,232,1684069249,Afternoon Ride,1053.5,614.5,2.7,True,2.5,17.441719,78.349825
2018-07-06 07:30:33+00:00,2018-07-06 07:34:27+00:00,234,1684069249,Afternoon Ride,1058.2,614.7,2.5,True,3.0,17.441685,78.349799
2018-07-06 07:30:33+00:00,2018-07-06 07:34:29+00:00,236,1684069249,Afternoon Ride,1063.0,614.8,2.4,True,3.0,17.44165,78.349773
2018-07-06 07:30:33+00:00,2018-07-06 07:34:31+00:00,238,1684069249,Afternoon Ride,1068.5,615.0,2.5,True,2.4,17.441608,78.349744
2018-07-06 07:30:33+00:00,2018-07-06 07:34:33+00:00,240,1684069249,Afternoon Ride,1073.8,615.1,2.6,True,2.9,17.44157,78.349715
2018-07-06 07:30:33+00:00,2018-07-06 07:34:35+00:00,242,1684069249,Afternoon Ride,1078.8,615.2,2.6,True,2.4,17.441533,78.349687
2018-07-06 07:30:33+00:00,2018-07-06 07:34:37+00:00,244,1684069249,Afternoon Ride,1084.0,615.4,2.6,True,2.5,17.441495,78.34966
2018-07-06 07:30:33+00:00,2018-07-06 07:34:39+00:00,246,1684069249,Afternoon Ride,1089.1,615.5,2.5,True,2.5,17.441459,78.349631
2018-07-06 07:30:33+00:00,2018-07-06 07:34:41+00:00,248,1684069249,Afternoon Ride,1093.7,615.6,2.5,True,2.0,17.441424,78.349606
2018-07-06 07:30:33+00:00,2018-07-06 07:34:43+00:00,250,1684069249,Afternoon Ride,1098.9,615.7,2.5,True,2.0,17.441381,78.349588
2018-07-06 07:30:33+00:00,2018-07-06 07:34:45+00:00,252,1684069249,Afternoon Ride,1104.2,615.8,2.5,True,2.0,17.441336,78.349572
2018-07-06 07:30:33+00:00,2018-07-06 07:34:47+00:00,254,1684069249,Afternoon Ride,1109.1,615.9,2.6,True,1.5,17.441294,78.349557
2018-07-06 07:30:33+00:00,2018-07-06 07:34:49+00:00,256,1684069249,Afternoon Ride,1114.0,616.0,2.5,True,1.6,17.441254,78.349537
2018-07-06 07:30:33+00:00,2018-07-06 07:34:51+00:00,258,1684069249,Afternoon Ride,1118.7,616.0,2.4,True,1.1,17.441218,78.349514
2018-07-06 07:30:33+00:00,2018-07-06 07:34:53+00:00,260,1684069249,Afternoon Ride,1123.1,616.1,2.3,True,1.1,17.441185,78.349491
2018-07-06 07:30:33+00:00,2018-07-06 07:34:55+00:00,262,1684069249,Afternoon Ride,1127.3,616.1,2.2,True,1.1,17.441149,78.349479
2018-07-06 07:30:33+00:00,2018-07-06 07:34:57+00:00,264,1684069249,Afternoon Ride,1131.4,616.2,2.1,True,1.2,17.441115,78.349464
2018-07-06 07:30:33+00:00,2018-07-06 07:34:59+00:00,266,1684069249,Afternoon Ride,1136.2,616.2,2.2,True,1.2,17.441075,78.349448
2018-07-06 07:30:33+00:00,2018-07-06 07:35:01+00:00,268,1684069249,Afternoon Ride,1140.2,616.3,2.2,True,1.2,17.441041,78.349435
2018-07-06 07:30:33+00:00,2018-07-06 07:35:03+00:00,270,1684069249,Afternoon Ride,1144.4,616.3,2.2,True,1.8,17.441007,78.349417
2018-07-06 07:30:33+00:00,2018-07-06 07:35:05+00:00,272,1684069249,Afternoon Ride,1148.4,616.4,2.0,True,1.8,17.440976,78.349398
2018-07-06 07:30:33+00:00,2018-07-06 07:35:07+00:00,274,1684069249,Afternoon Ride,1152.5,616.5,2.0,True,1.7,17.440945,78.349378
2018-07-06 07:30:33+00:00,2018-07-06 07:35:09+00:00,276,1684069249,Afternoon Ride,1157.0,616.6,2.1,True,1.7,17.44091,78.349355
2018-07-06 07:30:33+00:00,2018-07-06 07:35:11+00:00,278,1684069249,Afternoon Ride,1161.7,616.6,2.2,True,1.6,17.440873,78.349337
2018-07-06 07:30:33+00:00,2018-07-06 07:35:13+00:00,280,1684069249,Afternoon Ride,1166.3,616.7,2.3,True,1.5,17.440835,78.349317
2018-07-06 07:30:33+00:00,2018-07-06 07:35:15+00:00,282,1684069249,Afternoon Ride,1171.8,616.8,2.5,True,1.9,17.440792,78.349292
2018-07-06 07:30:33+00:00,2018-07-06 07:35:17+00:00,284,1684069249,Afternoon Ride,1177.5,616.9,2.6,True,2.8,17.440746,78.34927
2018-07-06 07:30:33+00:00,2018-07-06 07:35:19+00:00,286,1684069249,Afternoon Ride,1182.6,617.0,2.7,True,3.6,17.440704,78.34925
2018-07-06 07:30:33+00:00,2018-07-06 07:35:21+00:00,288,1684069249,Afternoon Ride,1187.9,617.3,2.7,True,4.4,17.440662,78.349226
2018-07-06 07:30:33+00:00,2018-07-06 07:35:23+00:00,290,1684069249,Afternoon Ride,1194.2,617.6,2.8,True,4.8,17.440621,78.349184
2018-07-06 07:30:33+00:00,2018-07-06 07:35:24+00:00,291,1684069249,Afternoon Ride,1197.8,617.8,3.0,True,4.0,17.440598,78.34916
2018-07-06 07:30:33+00:00,2018-07-06 07:35:25+00:00,292,1684069249,Afternoon Ride,1201.4,617.9,3.1,True,3.3,17.440573,78.349139
2018-07-06 07:30:33+00:00,2018-07-06 07:35:26+00:00,293,1684069249,Afternoon Ride,1205.2,618.0,3.5,True,1.9,17.440546,78.349117
2018-07-06 07:30:33+00:00,2018-07-06 07:35:27+00:00,294,1684069249,Afternoon Ride,1209.4,618.1,3.6,True,1.8,17.440518,78.34909
2018-07-06 07:30:33+00:00,2018-07-06 07:35:28+00:00,295,1684069249,Afternoon Ride,1213.8,618.1,3.9,True,1.7,17.44049,78.349062
2018-07-06 07:30:33+00:00,2018-07-06 07:35:29+00:00,296,1684069249,Afternoon Ride,1218.4,618.2,4.1,True,1.1,17.440458,78.349035
2018-07-06 07:30:33+00:00,2018-07-06 07:35:30+00:00,297,1684069249,Afternoon Ride,1223.2,618.3,4.4,True,1.5,17.44042,78.349011
2018-07-06 07:30:33+00:00,2018-07-06 07:35:31+00:00,298,1684069249,Afternoon Ride,1228.3,618.3,4.6,True,1.0,17.440379,78.348992
2018-07-06 07:30:33+00:00,2018-07-06 07:35:32+00:00,299,1684069249,Afternoon Ride,1233.7,618.4,4.9,True,1.0,17.440331,78.348981
2018-07-06 07:30:33+00:00,2018-07-06 07:35:33+00:00,300,1684069249,Afternoon Ride,1239.2,618.4,5.1,True,1.4,17.440287,78.348959
2018-07-06 07:30:33+00:00,2018-07-06 07:35:34+00:00,301,1684069249,Afternoon Ride,1244.2,618.5,5.2,True,0.9,17.440245,78.34894
2018-07-06 07:30:33+00:00,2018-07-06 07:35:35+00:00,302,1684069249,Afternoon Ride,1250.5,618.6,5.5,True,1.3,17.440193,78.348919
2018-07-06 07:30:33+00:00,2018-07-06 07:35:36+00:00,303,1684069249,Afternoon Ride,1256.2,618.6,5.6,True,1.2,17.440146,78.348895
2018-07-06 07:30:33+00:00,2018-07-06 07:35:37+00:00,304,1684069249,Afternoon Ride,1262.8,618.7,5.8,True,1.2,17.440091,78.348873
2018-07-06 07:30:33+00:00,2018-07-06 07:35:38+00:00,305,1684069249,Afternoon Ride,1269.1,618.8,6.0,True,1.6,17.440037,78.348856
2018-07-06 07:30:33+00:00,2018-07-06 07:35:39+00:00,306,1684069249,Afternoon Ride,1275.2,618.9,6.2,True,1.7,17.439984,78.348839
2018-07-06 07:30:33+00:00,2018-07-06 07:35:40+00:00,307,1684069249,Afternoon Ride,1280.8,619.0,6.1,True,1.7,17.439938,78.348817
2018-07-06 07:30:33+00:00,2018-07-06 07:35:41+00:00,308,1684069249,Afternoon Ride,1287.0,619.1,6.2,True,1.6,17.439888,78.348792
2018-07-06 07:30:33+00:00,2018-07-06 07:35:42+00:00,309,1684069249,Afternoon Ride,1293.3,619.2,6.1,True,1.5,17.439835,78.34877
2018-07-06 07:30:33+00:00,2018-07-06 07:35:43+00:00,310,1684069249,Afternoon Ride,1300.9,619.3,6.4,True,1.5,17.43977,78.348751
2018-07-06 07:30:33+00:00,2018-07-06 07:35:44+00:00,311,1684069249,Afternoon Ride,1307.2,619.4,6.4,True,2.2,17.439716,78.348733
2018-07-06 07:30:33+00:00,2018-07-06 07:35:45+00:00,312,1684069249,Afternoon Ride,1314.3,619.5,6.7,True,3.0,17.439659,78.348703
2018-07-06 07:30:33+00:00,2018-07-06 07:35:46+00:00,313,1684069249,Afternoon Ride,1320.0,619.8,6.6,True,3.8,17.439615,78.348675
2018-07-06 07:30:33+00:00,2018-07-06 07:35:47+00:00,314,1684069249,Afternoon Ride,1327.3,620.1,6.8,True,5.1,17.439551,78.348658
2018-07-06 07:30:33+00:00,2018-07-06 07:35:48+00:00,315,1684069249,Afternoon Ride,1333.4,620.4,6.5,True,4.7,17.439501,78.348635
2018-07-06 07:30:33+00:00,2018-07-06 07:35:49+00:00,316,1684069249,Afternoon Ride,1339.8,620.8,6.5,True,3.7,17.439446,78.348614
2018-07-06 07:30:33+00:00,2018-07-06 07:35:50+00:00,317,1684069249,Afternoon Ride,1345.8,621.0,6.3,True,2.4,17.439396,78.348595
2018-07-06 07:30:33+00:00,2018-07-06 07:35:51+00:00,318,1684069249,Afternoon Ride,1351.6,621.0,6.3,True,0.8,17.439349,78.348571
2018-07-06 07:30:33+00:00,2018-07-06 07:35:52+00:00,319,1684069249,Afternoon Ride,1358.1,621.0,6.2,True,0.0,17.439294,78.348551
2018-07-06 07:30:33+00:00,2018-07-06 07:35:53+00:00,320,1684069249,Afternoon Ride,1364.2,621.0,6.2,True,0.0,17.439241,78.348537
2018-07-06 07:30:33+00:00,2018-07-06 07:35:54+00:00,321,1684069249,Afternoon Ride,1370.3,621.0,6.1,True,0.4,17.439188,78.348521
2018-07-06 07:30:33+00:00,2018-07-06 07:35:55+00:00,322,1684069249,Afternoon Ride,1376.6,621.0,6.2,True,0.4,17.43914,78.348489
2018-07-06 07:30:33+00:00,2018-07-06 07:35:56+00:00,323,1684069249,Afternoon Ride,1382.6,621.1,6.2,True,0.4,17.439097,78.348454
2018-07-06 07:30:33+00:00,2018-07-06 07:35:57+00:00,324,1684069249,Afternoon Ride,1388.5,621.1,6.1,True,0.4,17.43905,78.348429
2018-07-06 07:30:33+00:00,2018-07-06 07:35:58+00:00,325,1684069249,Afternoon Ride,1394.7,621.1,6.1,True,0.0,17.439,78.348403
2018-07-06 07:30:33+00:00,2018-07-06 07:35:59+00:00,326,1684069249,Afternoon Ride,1400.4,621.1,6.0,True,0.0,17.438952,78.348385
2018-07-06 07:30:33+00:00,2018-07-06 07:36:00+00:00,327,1684069249,Afternoon Ride,1406.2,621.1,5.9,True,0.0,17.438907,78.348358
2018-07-06 07:30:33+00:00,2018-07-06 07:36:01+00:00,328,1684069249,Afternoon Ride,1412.1,621.1,5.9,True,0.0,17.438862,78.348328
2018-07-06 07:30:33+00:00,2018-07-06 07:36:02+00:00,329,1684069249,Afternoon Ride,1418.0,621.1,5.9,True,0.0,17.438818,78.348297
2018-07-06 07:30:33+00:00,2018-07-06 07:36:03+00:00,330,1684069249,Afternoon Ride,1424.7,621.1,6.0,True,0.0,17.438764,78.348268
2018-07-06 07:30:33+00:00,2018-07-06 07:36:04+00:00,331,1684069249,Afternoon Ride,1430.7,621.1,6.1,True,0.0,17.438714,78.348248
2018-07-06 07:30:33+00:00,2018-07-06 07:36:05+00:00,332,1684069249,Afternoon Ride,1435.7,621.1,5.9,True,0.0,17.438672,78.348231
2018-07-06 07:30:33+00:00,2018-07-06 07:36:06+00:00,333,1684069249,Afternoon Ride,1440.5,621.1,5.7,True,0.0,17.43863,78.348219
2018-07-06 07:30:33+00:00,2018-07-06 07:36:07+00:00,334,1684069249,Afternoon Ride,1445.4,621.1,5.5,True,0.0,17.438589,78.348204
2018-07-06 07:30:33+00:00,2018-07-06 07:36:08+00:00,335,1684069249,Afternoon Ride,1450.6,621.1,5.2,True,-0.5,17.438545,78.348184
2018-07-06 07:30:33+00:00,2018-07-06 07:36:09+00:00,336,1684069249,Afternoon Ride,1454.7,621.1,4.8,True,-0.5,17.438514,78.348165
2018-07-06 07:30:33+00:00,2018-07-06 07:36:10+00:00,337,1684069249,Afternoon Ride,1459.6,621.0,4.8,True,-0.5,17.438473,78.348148
2018-07-06 07:30:33+00:00,2018-07-06 07:36:11+00:00,338,1684069249,Afternoon Ride,1466.4,621.0,5.2,True,-0.5,17.438413,78.348137
2018-07-06 07:30:33+00:00,2018-07-06 07:36:12+00:00,339,1684069249,Afternoon Ride,1471.0,621.0,5.1,True,0.0,17.438372,78.348129
2018-07-06 07:30:33+00:00,2018-07-06 07:36:13+00:00,340,1684069249,Afternoon Ride,1475.3,621.0,4.9,True,0.0,17.438336,78.348114
2018-07-06 07:30:33+00:00,2018-07-06 07:36:14+00:00,341,1684069249,Afternoon Ride,1479.7,621.0,5.0,True,0.0,17.438299,78.3481
2018-07-06 07:30:33+00:00,2018-07-06 07:36:15+00:00,342,1684069249,Afternoon Ride,1483.7,621.0,4.8,True,0.0,17.438267,78.348082
2018-07-06 07:30:33+00:00,2018-07-06 07:36:16+00:00,343,1684069249,Afternoon Ride,1488.3,621.0,4.4,True,0.0,17.438228,78.348068
2018-07-06 07:30:33+00:00,2018-07-06 07:36:17+00:00,344,1684069249,Afternoon Ride,1492.8,621.0,4.4,True,0.0,17.438189,78.348056
2018-07-06 07:30:33+00:00,2018-07-06 07:36:18+00:00,345,1684069249,Afternoon Ride,1497.4,621.0,4.4,True,0.0,17.43815,78.348041
2018-07-06 07:30:33+00:00,2018-07-06 07:36:19+00:00,346,1684069249,Afternoon Ride,1502.1,621.0,4.5,True,0.0,17.438112,78.348022
2018-07-06 07:30:33+00:00,2018-07-06 07:36:20+00:00,347,1684069249,Afternoon Ride,1507.7,621.0,4.8,True,0.0,17.438065,78.348004
2018-07-06 07:30:33+00:00,2018-07-06 07:36:21+00:00,348,1684069249,Afternoon Ride,1512.7,621.0,4.9,True,0.0,17.438026,78.347979
2018-07-06 07:30:33+00:00,2018-07-06 07:36:22+00:00,349,1684069249,Afternoon Ride,1517.2,621.0,4.9,True,0.0,17.437987,78.347969
2018-07-06 07:30:33+00:00,2018-07-06 07:36:23+00:00,350,1684069249,Afternoon Ride,1523.4,621.0,5.2,True,0.0,17.437931,78.347961
2018-07-06 07:30:33+00:00,2018-07-06 07:36:24+00:00,351,1684069249,Afternoon Ride,1528.4,621.0,5.3,True,0.0,17.43789,78.347944
2018-07-06 07:30:33+00:00,2018-07-06 07:36:25+00:00,352,1684069249,Afternoon Ride,1534.5,621.0,5.4,True,0.0,17.437839,78.347922
2018-07-06 07:30:33+00:00,2018-07-06 07:36:26+00:00,353,1684069249,Afternoon Ride,1539.8,621.0,5.4,True,0.0,17.437796,78.3479
2018-07-06 07:30:33+00:00,2018-07-06 07:36:27+00:00,354,1684069249,Afternoon Ride,1545.0,621.0,5.6,True,-1.4,17.437758,78.347874
2018-07-06 07:30:33+00:00,2018-07-06 07:36:28+00:00,355,1684069249,Afternoon Ride,1549.8,621.0,5.3,True,-2.8,17.437718,78.347856
2018-07-06 07:30:33+00:00,2018-07-06 07:36:29+00:00,356,1684069249,Afternoon Ride,1555.4,620.7,5.4,True,-4.0,17.437669,78.34784
2018-07-06 07:30:33+00:00,2018-07-06 07:36:30+00:00,357,1684069249,Afternoon Ride,1560.9,620.4,5.3,True,-5.1,17.437624,78.347821
2018-07-06 07:30:33+00:00,2018-07-06 07:36:31+00:00,358,1684069249,Afternoon Ride,1567.4,620.1,5.5,True,-4.6,17.437566,78.34781
2018-07-06 07:30:33+00:00,2018-07-06 07:36:32+00:00,359,1684069249,Afternoon Ride,1573.4,619.8,5.7,True,-4.6,17.437533,78.347765
2018-07-06 07:30:33+00:00,2018-07-06 07:36:33+00:00,360,1684069249,Afternoon Ride,1579.4,619.6,5.9,True,-5.0,17.437484,78.347742
2018-07-06 07:30:33+00:00,2018-07-06 07:36:34+00:00,361,1684069249,Afternoon Ride,1586.8,619.2,6.3,True,-5.3,17.437433,78.347696
2018-07-06 07:30:33+00:00,2018-07-06 07:36:35+00:00,362,1684069249,Afternoon Ride,1593.5,618.8,6.5,True,-5.8,17.43738,78.347667
2018-07-06 07:30:33+00:00,2018-07-06 07:36:36+00:00,363,1684069249,Afternoon Ride,1599.9,618.4,6.5,True,-5.6,17.437329,78.347639
2018-07-06 07:30:33+00:00,2018-07-06 07:36:37+00:00,364,1684069249,Afternoon Ride,1606.9,618.0,6.7,True,-5.3,17.437278,78.3476
2018-07-06 07:30:33+00:00,2018-07-06 07:36:38+00:00,365,1684069249,Afternoon Ride,1613.6,617.7,6.8,True,-4.8,17.437224,78.347573
2018-07-06 07:30:33+00:00,2018-07-06 07:36:39+00:00,366,1684069249,Afternoon Ride,1621.8,617.3,7.0,True,-4.5,17.437157,78.347541
2018-07-06 07:30:33+00:00,2018-07-06 07:36:40+00:00,367,1684069249,Afternoon Ride,1629.3,617.0,7.2,True,-4.4,17.437095,78.347511
2018-07-06 07:30:33+00:00,2018-07-06 07:36:41+00:00,368,1684069249,Afternoon Ride,1638.0,616.6,7.6,True,-4.4,17.437027,78.347471
2018-07-06 07:30:33+00:00,2018-07-06 07:36:42+00:00,369,1684069249,Afternoon Ride,1645.3,616.3,7.7,True,-4.2,17.43697,78.347437
2018-07-06 07:30:33+00:00,2018-07-06 07:36:43+00:00,370,1684069249,Afternoon Ride,1653.5,615.9,8.0,True,-4.2,17.436908,78.347396
2018-07-06 07:30:33+00:00,2018-07-06 07:36:44+00:00,371,1684069249,Afternoon Ride,1662.3,615.6,8.1,True,-4.7,17.436837,78.34736
2018-07-06 07:30:33+00:00,2018-07-06 07:36:45+00:00,372,1684069249,Afternoon Ride,1671.2,615.2,8.4,True,-5.1,17.436765,78.347324
2018-07-06 07:30:33+00:00,2018-07-06 07:36:46+00:00,373,1684069249,Afternoon Ride,1679.7,614.7,8.3,True,-5.0,17.436698,78.347284
2018-07-06 07:30:33+00:00,2018-07-06 07:36:47+00:00,374,1684069249,Afternoon Ride,1688.7,614.1,8.7,True,-4.4,17.436626,78.347244
2018-07-06 07:30:33+00:00,2018-07-06 07:36:48+00:00,375,1684069249,Afternoon Ride,1698.6,613.8,9.0,True,-3.4,17.436544,78.347209
2018-07-06 07:30:33+00:00,2018-07-06 07:36:49+00:00,376,1684069249,Afternoon Ride,1707.8,613.6,9.1,True,-2.7,17.436473,78.347163
2018-07-06 07:30:33+00:00,2018-07-06 07:36:50+00:00,377,1684069249,Afternoon Ride,1717.4,613.4,9.2,True,-2.4,17.436397,78.347122
2018-07-06 07:30:33+00:00,2018-07-06 07:36:51+00:00,378,1684069249,Afternoon Ride,1726.1,613.1,9.3,True,-2.7,17.436328,78.347084
2018-07-06 07:30:33+00:00,2018-07-06 07:36:52+00:00,379,1684069249,Afternoon Ride,1736.1,612.9,9.5,True,-2.6,17.436247,78.347044
2018-07-06 07:30:33+00:00,2018-07-06 07:36:53+00:00,380,1684069249,Afternoon Ride,1744.8,612.6,9.2,True,-2.5,17.436175,78.347011
2018-07-06 07:30:33+00:00,2018-07-06 07:36:54+00:00,381,1684069249,Afternoon Ride,1751.8,612.5,8.8,True,-2.6,17.436123,78.346973
2018-07-06 07:30:33+00:00,2018-07-06 07:36:55+00:00,382,1684069249,Afternoon Ride,1757.7,612.3,8.1,True,-2.2,17.436076,78.346946
2018-07-06 07:30:33+00:00,2018-07-06 07:36:56+00:00,383,1684069249,Afternoon Ride,1763.2,612.2,7.4,True,-2.5,17.436034,78.346919
2018-07-06 07:30:33+00:00,2018-07-06 07:36:57+00:00,384,1684069249,Afternoon Ride,1767.5,612.1,6.3,True,-1.5,17.436006,78.346892
2018-07-06 07:30:33+00:00,2018-07-06 07:36:58+00:00,385,1684069249,Afternoon Ride,1772.1,612.0,5.5,True,-1.1,17.435984,78.346854
2018-07-06 07:30:33+00:00,2018-07-06 07:37:00+00:00,387,1684069249,Afternoon Ride,1777.1,612.0,3.9,True,-0.5,17.435943,78.346836
2018-07-06 07:30:33+00:00,2018-07-06 07:37:02+00:00,389,1684069249,Afternoon Ride,1781.4,612.0,2.8,True,0.0,17.43591,78.346815
2018-07-06 07:30:33+00:00,2018-07-06 07:37:04+00:00,391,1684069249,Afternoon Ride,1785.7,612.0,2.3,True,0.0,17.435877,78.346794
2018-07-06 07:30:33+00:00,2018-07-06 07:37:06+00:00,393,1684069249,Afternoon Ride,1790.7,612.0,2.3,True,0.0,17.435862,78.346749
2018-07-06 07:30:33+00:00,2018-07-06 07:37:08+00:00,395,1684069249,Afternoon Ride,1796.9,612.0,2.6,True,0.0,17.435888,78.346698
2018-07-06 07:30:33+00:00,2018-07-06 07:37:09+00:00,396,1684069249,Afternoon Ride,1800.2,612.0,2.9,True,-1.3,17.43591,78.346677
2018-07-06 07:30:33+00:00,2018-07-06 07:37:10+00:00,397,1684069249,Afternoon Ride,1803.3,612.0,2.9,True,-4.7,17.435932,78.346659
2018-07-06 07:30:33+00:00,2018-07-06 07:37:11+00:00,398,1684069249,Afternoon Ride,1806.6,611.8,3.2,True,-7.1,17.435956,78.34664
2018-07-06 07:30:33+00:00,2018-07-06 07:37:12+00:00,399,1684069249,Afternoon Ride,1809.8,611.4,3.2,True,-9.4,17.435977,78.346621
2018-07-06 07:30:33+00:00,2018-07-06 07:37:13+00:00,400,1684069249,Afternoon Ride,1812.9,611.1,3.2,True,-8.5,17.435998,78.346601
2018-07-06 07:30:33+00:00,2018-07-06 07:37:14+00:00,401,1684069249,Afternoon Ride,1816.1,610.8,3.2,True,-6.1,17.436017,78.346578
2018-07-06 07:30:33+00:00,2018-07-06 07:37:15+00:00,402,1684069249,Afternoon Ride,1819.5,610.7,3.2,True,-3.7,17.436038,78.346555
2018-07-06 07:30:33+00:00,2018-07-06 07:37:16+00:00,403,1684069249,Afternoon Ride,1822.9,610.6,3.3,True,-2.1,17.436058,78.34653
2018-07-06 07:30:33+00:00,2018-07-06 07:37:17+00:00,404,1684069249,Afternoon Ride,1826.4,610.6,3.3,True,-1.4,17.436075,78.346503
2018-07-06 07:30:33+00:00,2018-07-06 07:37:18+00:00,405,1684069249,Afternoon Ride,1830.1,610.5,3.4,True,-0.7,17.43609,78.346472
2018-07-06 07:30:33+00:00,2018-07-06 07:37:19+00:00,406,1684069249,Afternoon Ride,1834.1,610.5,3.6,True,0.0,17.436102,78.346437
2018-07-06 07:30:33+00:00,2018-07-06 07:37:20+00:00,407,1684069249,Afternoon Ride,1837.8,610.5,3.7,True,1.2,17.436112,78.346403
2018-07-06 07:30:33+00:00,2018-07-06 07:37:21+00:00,408,1684069249,Afternoon Ride,1841.9,610.6,3.8,True,2.6,17.436121,78.346366
2018-07-06 07:30:33+00:00,2018-07-06 07:37:22+00:00,409,1684069249,Afternoon Ride,1846.6,610.7,4.0,True,3.7,17.436131,78.346322
2018-07-06 07:30:33+00:00,2018-07-06 07:37:23+00:00,410,1684069249,Afternoon Ride,1853.4,611.0,4.7,True,4.1,17.436121,78.346259
2018-07-06 07:30:33+00:00,2018-07-06 07:37:24+00:00,411,1684069249,Afternoon Ride,1859.2,611.3,5.0,True,5.0,17.436107,78.346206
2018-07-06 07:30:33+00:00,2018-07-06 07:37:25+00:00,412,1684069249,Afternoon Ride,1864.1,611.5,5.3,True,4.7,17.436108,78.346161
2018-07-06 07:30:33+00:00,2018-07-06 07:37:26+00:00,413,1684069249,Afternoon Ride,1868.7,611.8,5.4,True,5.2,17.436104,78.346117
2018-07-06 07:30:33+00:00,2018-07-06 07:37:27+00:00,414,1684069249,Afternoon Ride,1874.5,612.0,5.6,True,6.5,17.436098,78.346063
2018-07-06 07:30:33+00:00,2018-07-06 07:37:28+00:00,415,1684069249,Afternoon Ride,1880.5,612.4,5.4,True,7.6,17.436105,78.346007
2018-07-06 07:30:33+00:00,2018-07-06 07:37:29+00:00,416,1684069249,Afternoon Ride,1887.3,613.0,5.6,True,9.1,17.43612,78.345944
2018-07-06 07:30:33+00:00,2018-07-06 07:37:30+00:00,417,1684069249,Afternoon Ride,1892.4,613.6,5.7,True,9.7,17.436128,78.345897
2018-07-06 07:30:33+00:00,2018-07-06 07:37:31+00:00,418,1684069249,Afternoon Ride,1898.6,614.2,6.0,True,7.9,17.436132,78.345839
2018-07-06 07:30:33+00:00,2018-07-06 07:37:32+00:00,419,1684069249,Afternoon Ride,1904.2,614.7,5.9,True,4.9,17.43614,78.345788
2018-07-06 07:30:33+00:00,2018-07-06 07:37:33+00:00,420,1684069249,Afternoon Ride,1910.1,614.8,5.9,True,2.4,17.436146,78.345732
2018-07-06 07:30:33+00:00,2018-07-06 07:37:34+00:00,421,1684069249,Afternoon Ride,1917.1,614.8,6.0,True,2.6,17.436152,78.345667
2018-07-06 07:30:33+00:00,2018-07-06 07:37:35+00:00,422,1684069249,Afternoon Ride,1923.9,614.8,6.3,True,4.3,17.436159,78.345603
2018-07-06 07:30:33+00:00,2018-07-06 07:37:36+00:00,423,1684069249,Afternoon Ride,1931.5,615.4,6.6,True,6.0,17.436169,78.345532
2018-07-06 07:30:33+00:00,2018-07-06 07:37:37+00:00,424,1684069249,Afternoon Ride,1938.2,616.0,6.8,True,7.5,17.436178,78.345469
2018-07-06 07:30:33+00:00,2018-07-06 07:37:38+00:00,425,1684069249,Afternoon Ride,1945.2,616.5,7.0,True,6.7,17.436192,78.345405
2018-07-06 07:30:33+00:00,2018-07-06 07:37:39+00:00,426,1684069249,Afternoon Ride,1953.4,617.0,7.3,True,5.7,17.436201,78.345328
2018-07-06 07:30:33+00:00,2018-07-06 07:37:40+00:00,427,1684069249,Afternoon Ride,1961.4,617.4,7.5,True,4.4,17.436217,78.345255
2018-07-06 07:30:33+00:00,2018-07-06 07:37:41+00:00,428,1684069249,Afternoon Ride,1967.9,617.7,7.3,True,4.6,17.43623,78.345195
2018-07-06 07:30:33+00:00,2018-07-06 07:37:42+00:00,429,1684069249,Afternoon Ride,1974.8,617.8,7.3,True,4.5,17.436241,78.345131
2018-07-06 07:30:33+00:00,2018-07-06 07:37:43+00:00,430,1684069249,Afternoon Ride,1981.7,618.3,7.3,True,3.8,17.43625,78.345066
2018-07-06 07:30:33+00:00,2018-07-06 07:37:44+00:00,431,1684069249,Afternoon Ride,1988.1,618.6,6.9,True,3.5,17.436261,78.345007
2018-07-06 07:30:33+00:00,2018-07-06 07:37:45+00:00,432,1684069249,Afternoon Ride,1994.4,618.7,6.6,True,1.7,17.436274,78.344949
2018-07-06 07:30:33+00:00,2018-07-06 07:37:46+00:00,433,1684069249,Afternoon Ride,2000.2,618.7,6.5,True,0.4,17.436278,78.344895
2018-07-06 07:30:33+00:00,2018-07-06 07:37:47+00:00,434,1684069249,Afternoon Ride,2005.3,618.7,6.1,True,-0.4,17.436285,78.344848
2018-07-06 07:30:33+00:00,2018-07-06 07:37:48+00:00,435,1684069249,Afternoon Ride,2011.0,618.7,5.9,True,-0.5,17.436295,78.344795
2018-07-06 07:30:33+00:00,2018-07-06 07:37:49+00:00,436,1684069249,Afternoon Ride,2017.3,618.6,5.8,True,-1.3,17.4363,78.344736
2018-07-06 07:30:33+00:00,2018-07-06 07:37:50+00:00,437,1684069249,Afternoon Ride,2022.1,618.6,5.5,True,-2.5,17.436304,78.344691
2018-07-06 07:30:33+00:00,2018-07-06 07:37:51+00:00,438,1684069249,Afternoon Ride,2028.6,618.4,5.7,True,-3.9,17.436305,78.344629
2018-07-06 07:30:33+00:00,2018-07-06 07:37:52+00:00,439,1684069249,Afternoon Ride,2034.8,618.1,5.9,True,-5.5,17.436299,78.344571
2018-07-06 07:30:33+00:00,2018-07-06 07:37:53+00:00,440,1684069249,Afternoon Ride,2040.2,617.7,5.8,True,-6.6,17.436281,78.344523
2018-07-06 07:30:33+00:00,2018-07-06 07:37:54+00:00,441,1684069249,Afternoon Ride,2047.4,617.2,6.0,True,-7.3,17.43626,78.34446
2018-07-06 07:30:33+00:00,2018-07-06 07:37:55+00:00,442,1684069249,Afternoon Ride,2054.4,616.7,6.5,True,-7.4,17.436229,78.344402
2018-07-06 07:30:33+00:00,2018-07-06 07:37:56+00:00,443,1684069249,Afternoon Ride,2062.3,616.1,6.7,True,-6.6,17.436197,78.344335
2018-07-06 07:30:33+00:00,2018-07-06 07:37:57+00:00,444,1684069249,Afternoon Ride,2068.4,615.6,6.7,True,-6.6,17.43616,78.344292
2018-07-06 07:30:33+00:00,2018-07-06 07:37:58+00:00,445,1684069249,Afternoon Ride,2076.0,615.3,7.2,True,-6.0,17.436115,78.34424
2018-07-06 07:30:33+00:00,2018-07-06 07:37:59+00:00,446,1684069249,Afternoon Ride,2083.3,614.8,7.2,True,-5.7,17.43608,78.344181
2018-07-06 07:30:33+00:00,2018-07-06 07:38:00+00:00,447,1684069249,Afternoon Ride,2090.6,614.4,7.2,True,-7.0,17.436031,78.344135
2018-07-06 07:30:33+00:00,2018-07-06 07:38:01+00:00,448,1684069249,Afternoon Ride,2098.0,613.9,7.1,True,-6.8,17.435981,78.344089
2018-07-06 07:30:33+00:00,2018-07-06 07:38:02+00:00,449,1684069249,Afternoon Ride,2106.0,613.2,7.5,True,-6.0,17.435931,78.344035
2018-07-06 07:30:33+00:00,2018-07-06 07:38:03+00:00,450,1684069249,Afternoon Ride,2114.0,612.7,7.6,True,-4.7,17.435876,78.343986
2018-07-06 07:30:33+00:00,2018-07-06 07:38:04+00:00,451,1684069249,Afternoon Ride,2122.2,612.5,7.8,True,-3.5,17.435826,78.343929
2018-07-06 07:30:33+00:00,2018-07-06 07:38:05+00:00,452,1684069249,Afternoon Ride,2129.7,612.4,7.8,True,-2.9,17.435777,78.343881
2018-07-06 07:30:33+00:00,2018-07-06 07:38:06+00:00,453,1684069249,Afternoon Ride,2137.4,612.1,7.9,True,-2.9,17.435736,78.343823
2018-07-06 07:30:33+00:00,2018-07-06 07:38:07+00:00,454,1684069249,Afternoon Ride,2145.1,611.8,7.8,True,-3.1,17.435687,78.343771
2018-07-06 07:30:33+00:00,2018-07-06 07:38:08+00:00,455,1684069249,Afternoon Ride,2152.8,611.6,7.8,True,-3.1,17.435637,78.343721
2018-07-06 07:30:33+00:00,2018-07-06 07:38:09+00:00,456,1684069249,Afternoon Ride,2161.9,611.4,7.9,True,-2.7,17.43557,78.343672
2018-07-06 07:30:33+00:00,2018-07-06 07:38:10+00:00,457,1684069249,Afternoon Ride,2169.5,611.1,8.0,True,-2.8,17.435521,78.343622
2018-07-06 07:30:33+00:00,2018-07-06 07:38:11+00:00,458,1684069249,Afternoon Ride,2178.0,610.9,8.1,True,-2.9,17.435471,78.343562
2018-07-06 07:30:33+00:00,2018-07-06 07:38:12+00:00,459,1684069249,Afternoon Ride,2188.1,610.6,8.6,True,-2.2,17.435406,78.343494
2018-07-06 07:30:33+00:00,2018-07-06 07:38:13+00:00,460,1684069249,Afternoon Ride,2196.2,610.4,8.7,True,-1.5,17.435344,78.343453
2018-07-06 07:30:33+00:00,2018-07-06 07:38:14+00:00,461,1684069249,Afternoon Ride,2201.4,610.4,7.9,True,-0.5,17.435319,78.343413
2018-07-06 07:30:33+00:00,2018-07-06 07:38:15+00:00,462,1684069249,Afternoon Ride,2204.4,610.5,7.0,True,1.3,17.435307,78.343387
2018-07-06 07:30:33+00:00,2018-07-06 07:38:17+00:00,464,1684069249,Afternoon Ride,2208.6,610.5,4.1,True,1.4,17.435326,78.343354
2018-07-06 07:30:33+00:00,2018-07-06 07:38:19+00:00,466,1684069249,Afternoon Ride,2212.0,610.6,2.1,True,0.6,17.435357,78.343354
2018-07-06 07:30:33+00:00,2018-07-06 07:38:32+00:00,479,1684069249,Afternoon Ride,2216.1,610.6,0.5,True,0.7,17.435349,78.343392
2018-07-06 07:30:33+00:00,2018-07-06 07:38:37+00:00,484,1684069249,Afternoon Ride,2220.6,610.6,0.5,True,0.0,17.435309,78.343402
2018-07-06 07:30:33+00:00,2018-07-06 07:38:38+00:00,485,1684069249,Afternoon Ride,2223.8,610.6,1.3,True,-0.6,17.435281,78.343395
2018-07-06 07:30:33+00:00,2018-07-06 07:38:39+00:00,486,1684069249,Afternoon Ride,2227.6,610.6,1.6,True,-0.6,17.435249,78.343383
2018-07-06 07:30:33+00:00,2018-07-06 07:38:40+00:00,487,1684069249,Afternoon Ride,2232.1,610.5,2.0,True,-0.6,17.435212,78.343365
2018-07-06 07:30:33+00:00,2018-07-06 07:38:41+00:00,488,1684069249,Afternoon Ride,2236.7,610.5,2.3,True,0.0,17.435177,78.343342
2018-07-06 07:30:33+00:00,2018-07-06 07:38:42+00:00,489,1684069249,Afternoon Ride,2241.8,610.5,4.2,True,0.0,17.43514,78.343314
2018-07-06 07:30:33+00:00,2018-07-06 07:38:43+00:00,490,1684069249,Afternoon Ride,2248.7,610.6,5.0,True,0.0,17.435093,78.343271
2018-07-06 07:30:33+00:00,2018-07-06 07:38:44+00:00,491,1684069249,Afternoon Ride,2254.4,610.5,5.4,True,-2.8,17.435056,78.343234
2018-07-06 07:30:33+00:00,2018-07-06 07:38:45+00:00,492,1684069249,Afternoon Ride,2259.9,610.5,5.6,True,-5.3,17.435024,78.343195
2018-07-06 07:30:33+00:00,2018-07-06 07:38:46+00:00,493,1684069249,Afternoon Ride,2266.7,609.8,6.0,True,-7.6,17.434991,78.34314
2018-07-06 07:30:33+00:00,2018-07-06 07:38:47+00:00,494,1684069249,Afternoon Ride,2273.4,609.3,6.3,True,-11.4,17.434963,78.343085
2018-07-06 07:30:33+00:00,2018-07-06 07:38:48+00:00,495,1684069249,Afternoon Ride,2280.8,608.5,6.4,True,-13.6,17.434934,78.343022
2018-07-06 07:30:33+00:00,2018-07-06 07:38:49+00:00,496,1684069249,Afternoon Ride,2288.0,607.3,6.7,True,-13.4,17.434907,78.342961
2018-07-06 07:30:33+00:00,2018-07-06 07:38:50+00:00,497,1684069249,Afternoon Ride,2295.4,605.9,7.1,True,-12.4,17.434884,78.342896
2018-07-06 07:30:33+00:00,2018-07-06 07:38:51+00:00,498,1684069249,Afternoon Ride,2303.3,605.3,7.3,True,-11.0,17.43486,78.342825
2018-07-06 07:30:33+00:00,2018-07-06 07:38:52+00:00,499,1684069249,Afternoon Ride,2311.4,604.7,7.6,True,-10.1,17.434844,78.342751
2018-07-06 07:30:33+00:00,2018-07-06 07:38:53+00:00,500,1684069249,Afternoon Ride,2319.8,603.8,7.8,True,-9.9,17.434827,78.342674
2018-07-06 07:30:33+00:00,2018-07-06 07:38:54+00:00,501,1684069249,Afternoon Ride,2327.2,602.7,7.8,True,-10.5,17.434806,78.342607
2018-07-06 07:30:33+00:00,2018-07-06 07:38:55+00:00,502,1684069249,Afternoon Ride,2335.5,602.1,8.0,True,-10.6,17.434797,78.34253
2018-07-06 07:30:33+00:00,2018-07-06 07:38:56+00:00,503,1684069249,Afternoon Ride,2343.8,601.3,8.1,True,-9.8,17.434797,78.342451
2018-07-06 07:30:33+00:00,2018-07-06 07:38:57+00:00,504,1684069249,Afternoon Ride,2351.0,600.5,7.9,True,-10.3,17.4348,78.342383
2018-07-06 07:30:33+00:00,2018-07-06 07:38:58+00:00,505,1684069249,Afternoon Ride,2358.7,599.6,7.8,True,-9.0,17.434801,78.342311
2018-07-06 07:30:33+00:00,2018-07-06 07:38:59+00:00,506,1684069249,Afternoon Ride,2366.5,598.9,7.9,True,-5.4,17.434803,78.342237
2018-07-06 07:30:33+00:00,2018-07-06 07:39:00+00:00,507,1684069249,Afternoon Ride,2374.9,598.5,7.9,True,-2.9,17.434803,78.342158
2018-07-06 07:30:33+00:00,2018-07-06 07:39:01+00:00,508,1684069249,Afternoon Ride,2382.5,598.8,7.7,True,-0.7,17.434809,78.342087
2018-07-06 07:30:33+00:00,2018-07-06 07:39:02+00:00,509,1684069249,Afternoon Ride,2389.6,598.7,7.7,True,0.7,17.434816,78.342021
2018-07-06 07:30:33+00:00,2018-07-06 07:39:03+00:00,510,1684069249,Afternoon Ride,2396.6,598.7,7.6,True,2.5,17.43482,78.341955
2018-07-06 07:30:33+00:00,2018-07-06 07:39:04+00:00,511,1684069249,Afternoon Ride,2402.7,598.7,7.2,True,4.8,17.434827,78.341897
2018-07-06 07:30:33+00:00,2018-07-06 07:39:05+00:00,512,1684069249,Afternoon Ride,2410.6,599.5,7.1,True,6.1,17.434855,78.341829
2018-07-06 07:30:33+00:00,2018-07-06 07:39:06+00:00,513,1684069249,Afternoon Ride,2416.6,600.0,6.8,True,8.1,17.43487,78.341775
2018-07-06 07:30:33+00:00,2018-07-06 07:39:07+00:00,514,1684069249,Afternoon Ride,2424.5,600.4,7.0,True,7.3,17.434878,78.341701
2018-07-06 07:30:33+00:00,2018-07-06 07:39:08+00:00,515,1684069249,Afternoon Ride,2429.8,600.9,6.6,True,6.2,17.434878,78.341651
2018-07-06 07:30:33+00:00,2018-07-06 07:39:09+00:00,516,1684069249,Afternoon Ride,2435.4,601.3,6.5,True,5.8,17.434873,78.341599
2018-07-06 07:30:33+00:00,2018-07-06 07:39:10+00:00,517,1684069249,Afternoon Ride,2440.7,601.5,6.0,True,4.0,17.434878,78.341548
2018-07-06 07:30:33+00:00,2018-07-06 07:39:11+00:00,518,1684069249,Afternoon Ride,2445.2,601.6,5.7,True,3.4,17.434895,78.34151
2018-07-06 07:30:33+00:00,2018-07-06 07:39:12+00:00,519,1684069249,Afternoon Ride,2449.7,601.7,5.0,True,4.1,17.434901,78.341469
2018-07-06 07:30:33+00:00,2018-07-06 07:39:13+00:00,520,1684069249,Afternoon Ride,2455.7,602.0,5.2,True,5.3,17.434914,78.341413
2018-07-06 07:30:33+00:00,2018-07-06 07:39:14+00:00,521,1684069249,Afternoon Ride,2460.3,602.3,5.0,True,5.7,17.434924,78.341371
2018-07-06 07:30:33+00:00,2018-07-06 07:39:15+00:00,522,1684069249,Afternoon Ride,2464.2,602.6,4.7,True,5.4,17.434935,78.341336
2018-07-06 07:30:33+00:00,2018-07-06 07:39:17+00:00,524,1684069249,Afternoon Ride,2470.6,602.9,4.2,True,4.0,17.434924,78.341277
2018-07-06 07:30:33+00:00,2018-07-06 07:39:19+00:00,526,1684069249,Afternoon Ride,2474.3,603.0,2.8,True,2.4,17.434903,78.34125
2018-07-06 07:30:33+00:00,2018-07-06 07:39:27+00:00,534,1684069249,Afternoon Ride,2478.0,603.0,0.7,True,0.7,17.434904,78.341285
2018-07-06 07:30:33+00:00,2018-07-06 07:40:01+00:00,568,1684069249,Afternoon Ride,2481.1,603.0,0.2,False,0.0,17.434916,78.341258
2018-07-06 07:30:33+00:00,2018-07-06 07:40:04+00:00,571,1684069249,Afternoon Ride,2484.2,603.0,0.2,True,0.0,17.434933,78.341235
